"Hreflang Translation Groups","Hreflang Translation Groups"
"Add New Group","Add New Group"
"Edit Translation Group #%s","Edit Translation Group #%s"
"New Translation Group","New Translation Group"
"ID","ID"
"Base Page","Base Page"
"Base Page URL Key","Base Page URL Key"
"Store Views","Store Views"
"Last Modified","Last Modified"
"Group","Group"
"The page the group is about; shown in the groups grid.","The page the group is about; shown in the groups grid."
"Versions","Versions"
"Choose the page that is the translation of the base page in each store view. Store views without a hreflang code are not listed.","Choose the page that is the translation of the base page in each store view. Store views without a hreflang code are not listed."
"No store view has a hreflang code yet. Set one in System → Configuration → Bpf → Hreflang.","No store view has a hreflang code yet. Set one in System → Configuration → Bpf → Hreflang."
"-- None --","-- None --"
"[disabled]","[disabled]"
"This translation group no longer exists.","This translation group no longer exists."
"Edit Group #%s","Edit Group #%s"
"New Group","New Group"
"The translation group has been saved.","The translation group has been saved."
"An error occurred while saving the translation group.","An error occurred while saving the translation group."
"Unable to find a translation group to delete.","Unable to find a translation group to delete."
"The translation group has been deleted.","The translation group has been deleted."
"CMS","CMS"
"Choose pages for at least two store views; a single version has no alternates.","Choose pages for at least two store views; a single version has no alternates."
"The base page (ID %s) no longer exists.","The base page (ID %s) no longer exists."
"Store view ID %s does not exist.","Store view ID %s does not exist."
"The page chosen for store view ""%s"" (ID %s) no longer exists.","The page chosen for store view ""%s"" (ID %s) no longer exists."
"Page ""%s"" is not shown in store view ""%s"".","Page ""%s"" is not shown in store view ""%s""."
"Page ""%s"" already belongs to translation group #%s; a page can be in one group only.","Page ""%s"" already belongs to translation group #%s; a page can be in one group only."
"Store views of the same website","Store views of the same website"
"All store views","All store views"
"""%s"" is used by store views ""%s""","""%s"" is used by store views ""%s"""
"All store views cannot be alternates of each other while they share hreflang codes: %s. Give each store view a different code first.","All store views cannot be alternates of each other while they share hreflang codes: %s. Give each store view a different code first."
"Invalid hreflang code ""%s"". Use a two-letter language code, optionally with a two-letter region, e.g. ""en"" or ""en-GB"".","Invalid hreflang code ""%s"". Use a two-letter language code, optionally with a two-letter region, e.g. ""en"" or ""en-GB""."
"Invalid hreflang code ""%s"": ""%s"" is not an ISO 639-1 language code.","Invalid hreflang code ""%s"": ""%s"" is not an ISO 639-1 language code."
"Invalid hreflang code ""%s"": ""%s"" is not an ISO 3166-1 region code.","Invalid hreflang code ""%s"": ""%s"" is not an ISO 3166-1 region code."
"Hreflang code ""%s"" is already used by store view ""%s"". Store views listed as alternates of each other need different codes.","Hreflang code ""%s"" is already used by store view ""%s"". Store views listed as alternates of each other need different codes."
"Bpf","Bpf"
"Hreflang","Hreflang"
"General","General"
"Enabled","Enabled"
"Hreflang Code","Hreflang Code"
"Language (ISO 639-1), optionally with region (ISO 3166-1 alpha-2), e.g. pl, en, en-GB, de-AT. Leave empty to exclude this store view.","Language (ISO 639-1), optionally with region (ISO 3166-1 alpha-2), e.g. pl, en, en-GB, de-AT. Leave empty to exclude this store view."
"Alternates Scope","Alternates Scope"
"Which store views are listed as alternates of each other.","Which store views are listed as alternates of each other."
"x-default Store View","x-default Store View"
"Store view whose URL is used as x-default. Leave empty to omit x-default.","Store view whose URL is used as x-default. Leave empty to omit x-default."
"Excluded Actions","Excluded Actions"
"Full action names, one per line. A trailing * matches a prefix, e.g. checkout_*.","Full action names, one per line. A trailing * matches a prefix, e.g. checkout_*."
"URLs","URLs"
"Store Views Without Store Code in URL","Store Views Without Store Code in URL"
"Store views served at the site root (e.g. the default language under /). Applies only when ""Add Store Code to Urls"" is enabled.","Store views served at the site root (e.g. the default language under /). Applies only when ""Add Store Code to Urls"" is enabled."
"Bpf Hreflang","Bpf Hreflang"
