"Hreflang Translation Groups","Grupy tłumaczeń hreflang"
"Add New Group","Dodaj grupę"
"Edit Translation Group #%s","Edycja grupy tłumaczeń #%s"
"New Translation Group","Nowa grupa tłumaczeń"
"ID","ID"
"Base Page","Strona bazowa"
"Base Page URL Key","Klucz URL strony bazowej"
"Store Views","Widoki sklepu"
"Last Modified","Ostatnia modyfikacja"
"Group","Grupa"
"The page the group is about; shown in the groups grid.","Strona, której dotyczy grupa; widoczna na liście grup."
"Versions","Wersje językowe"
"Choose the page that is the translation of the base page in each store view. Store views without a hreflang code are not listed.","Wybierz stronę, która jest tłumaczeniem strony bazowej w każdym widoku sklepu. Widoki sklepu bez kodu hreflang nie są wyświetlane."
"No store view has a hreflang code yet. Set one in System → Configuration → Bpf → Hreflang.","Żaden widok sklepu nie ma jeszcze kodu hreflang. Ustaw go w System → Konfiguracja → Bpf → Hreflang."
"-- None --","-- Brak --"
"[disabled]","[wyłączona]"
"This translation group no longer exists.","Ta grupa tłumaczeń już nie istnieje."
"Edit Group #%s","Edycja grupy #%s"
"New Group","Nowa grupa"
"The translation group has been saved.","Grupa tłumaczeń została zapisana."
"An error occurred while saving the translation group.","Wystąpił błąd podczas zapisywania grupy tłumaczeń."
"Unable to find a translation group to delete.","Nie znaleziono grupy tłumaczeń do usunięcia."
"The translation group has been deleted.","Grupa tłumaczeń została usunięta."
"CMS","CMS"
"Choose pages for at least two store views; a single version has no alternates.","Wybierz strony dla co najmniej dwóch widoków sklepu; pojedyncza wersja nie ma alternatyw."
"The base page (ID %s) no longer exists.","Strona bazowa (ID %s) już nie istnieje."
"Store view ID %s does not exist.","Widok sklepu o ID %s nie istnieje."
"The page chosen for store view ""%s"" (ID %s) no longer exists.","Strona wybrana dla widoku sklepu „%s” (ID %s) już nie istnieje."
"Page ""%s"" is not shown in store view ""%s"".","Strona „%s” nie jest wyświetlana w widoku sklepu „%s”."
"Page ""%s"" already belongs to translation group #%s; a page can be in one group only.","Strona „%s” należy już do grupy tłumaczeń #%s; strona może należeć tylko do jednej grupy."
"Store views of the same website","Widoki sklepu tej samej strony internetowej"
"All store views","Wszystkie widoki sklepu"
"""%s"" is used by store views ""%s""","„%s” jest używany przez widoki sklepu „%s”"
"All store views cannot be alternates of each other while they share hreflang codes: %s. Give each store view a different code first.","Wszystkie widoki sklepu nie mogą być wzajemnymi alternatywami, dopóki współdzielą kody hreflang: %s. Najpierw nadaj każdemu widokowi sklepu inny kod."
"Invalid hreflang code ""%s"". Use a two-letter language code, optionally with a two-letter region, e.g. ""en"" or ""en-GB"".","Nieprawidłowy kod hreflang „%s”. Użyj dwuliterowego kodu języka, opcjonalnie z dwuliterowym kodem regionu, np. „en” lub „en-GB”."
"Invalid hreflang code ""%s"": ""%s"" is not an ISO 639-1 language code.","Nieprawidłowy kod hreflang „%s”: „%s” nie jest kodem języka ISO 639-1."
"Invalid hreflang code ""%s"": ""%s"" is not an ISO 3166-1 region code.","Nieprawidłowy kod hreflang „%s”: „%s” nie jest kodem regionu ISO 3166-1."
"Hreflang code ""%s"" is already used by store view ""%s"". Store views listed as alternates of each other need different codes.","Kod hreflang „%s” jest już używany przez widok sklepu „%s”. Widoki sklepu będące wzajemnymi alternatywami muszą mieć różne kody."
"Bpf","Bpf"
"Hreflang","Hreflang"
"General","Ogólne"
"Enabled","Włączone"
"Hreflang Code","Kod hreflang"
"Language (ISO 639-1), optionally with region (ISO 3166-1 alpha-2), e.g. pl, en, en-GB, de-AT. Leave empty to exclude this store view.","Język (ISO 639-1), opcjonalnie z regionem (ISO 3166-1 alpha-2), np. pl, en, en-GB, de-AT. Puste pole wyłącza ten widok sklepu."
"Alternates Scope","Zakres alternatyw"
"Which store views are listed as alternates of each other.","Które widoki sklepu są wzajemnymi alternatywami."
"x-default Store View","Widok sklepu dla x-default"
"Store view whose URL is used as x-default. Leave empty to omit x-default.","Widok sklepu, którego adres jest używany jako x-default. Puste pole pomija x-default."
"Excluded Actions","Wykluczone akcje"
"Full action names, one per line. A trailing * matches a prefix, e.g. checkout_*.","Pełne nazwy akcji, po jednej w wierszu. Gwiazdka (*) na końcu oznacza prefiks, np. checkout_*."
"URLs","Adresy URL"
"Store Views Without Store Code in URL","Widoki sklepu bez kodu sklepu w adresie URL"
"Store views served at the site root (e.g. the default language under /). Applies only when ""Add Store Code to Urls"" is enabled.","Widoki sklepu serwowane w katalogu głównym witryny (np. domyślny język pod /). Działa tylko przy włączonej opcji „Add Store Code to Urls” (Dodaj kod sklepu do adresów URL)."
"Bpf Hreflang","Bpf Hreflang"
